Hot Sauce,Brand Name,Ingredients
13 Angry Scorpions Jekyll & Hyde Scorpion Chipotle Hot Sauce,13 Angry Scorpions,"Moruga Scorpion peppers, Smoked Chipotle peppers, apple cider vinegar, white vinegar, garlic, ginger, lemon juice, tomato paste, brown sugar, onion, mustard powder, paprica, sea salt"
Adoboloco Fiya! Fiya! Hot Sauce,Adoboloco,"Apple cider vinegar, jalapeno, dried Trinidad scorpion, habanero, ghost, sea salt, garlic "
Adoboloco Hawaiian Hot Sauce Hamajang Kiawe Smoked Ghost Pepper,Adoboloco,"Apple Cider Vinegar, Ghost Peppers, Habanero, Sea Salt, Garlic"
Adoboloco Island Wings Hot Sauce,Adoboloco,"Pineapple, chili pepper, red wine vinegar, honey, onion powder, nutritional yeast, sea salt, mustard seed powder, spices"
Adoboloco Kolohe Kid Hot Sauce,Adoboloco,"Apple Cider Vinegar, Ghost Peppers, Sea Salt, Garlic"
Angry Goat Dreams of Calypso Hot Sauce,Angry Goat Pepper Co.,"Pineapple, Mango, Yellow Scotch Bonnets, Lime Juice, Distilled Vinegar, Prepared Yellow Mustard (distilled vinegar, #1 mustard seeds, salt, turmeric, and spices), Carrots, Yellow Bell Peppers, Cane Sugar, Sea Salt, Granulated Garlic, Allspice."
Angry Goat Hippy Dippy Green Hot Sauce,Angry Goat Pepper Co.,"Fire Roasted Jalapeno Peppers, Fire Roasted Serrano Peppers, Water, Lime Juice, Fire Roasted Tomatillos, Kiwi Fruit, Agave Nectar, Avocado, Tequila, Olive Oil, Granulated Garlic, Sea Salt, Onion Powder, Cumin, Black Pepper, Fresh Cilantro."
Angry Goat Pepper Co. Goat Rider Hot Sauce,Angry Goat Pepper Co.,"Balsamic Vinegar (wine vinegar, concentrated grape must, caramel color), Cayenne Pepper Mash (cayenne peppers, salt), Vermont Maple Syrup, Roasted Red Pepper (roasted red bell peppers, water, citric acid & salt), Molasses, Garlic Powder, Apple Cider Vinegar, Ghost Pepper Mash (ghost peppers, distilled vinegar), Smoked Paprika, Ghost Pepper Powder."
Angry Goat Pepper Co. The Phoenix Hot Sauce,Angry Goat Pepper Co.,"Cantaloupe melon, distilled white vinegar, lime juice, yellow Scotch Bonnet mash (peppers, vinegar), orange blossom honey, peaches, sweet onions, olive oil, ginger root, datil pepper powder, salt, garlic powder"
Blair's Mega Death Sauce,Blair's,"Red Habanero Pods, Cayenne Chilies, White Vinegar, Natural Pepper Flavor (contains soybean oil) Ancho Chilies, Chipotle Chilies, Molasses, Guava Nectar, Fresh Ginger, Salt, Spices."
Blair's Original Death Sauce with Chipotle,Blair's,"Red Ripe Habaneros, Fiery Cayenne Chilies, Sticky Chipolte, Key Lime Juice, Smashed Garlic."
Bravado Spice Company Aka Miso Ghost-Reaper Hot Sauce,Bravado Spice Company,"Ghost Pepper, Carolina Reaper, Rice Wine Vinegar, Aka Miso, Soy Sauce, Sesame Oil, Togarashi, Salt."
Bravado Spice Company Black Garlic Carolina Reaper Hot Sauce,Bravado Spice Company,"Vinegar, Red Serrano, Carolina Reaper, Roasted Garlic, Maple Syrup, Black Garlic, Black Pepper, Sea Salt ."
Bravado Spice Company Ghost Pepper and Blueberry Hot Sauce,Bravado Spice Company,"Blueberry, Raspberry, Distilled Vinegar, Ghost Pepper, Ground Black Pepper, Sea Salt & Xanthan Gum"
Brooklyn Delhi Ghost Pepper Hot Sauce,Brooklyn Delhi,"Tomatoes, water, ghost peppers, tomato paste, sunflower oil, sesame oil, garlic, vinegar, spices (including turmeric), salt, tamarind"
Bunsters Black Label Hot Sauce,Bunsters,"Orange Juice, Scorpion Peppers, Bird's Eye Peppers, Brown Onions, Garlic, Apple Cider Vinegar, Coconut Sugar, Cilantro, Lime Juice, Ginger, Salt, Goji Berries, Potato Starch, Himalayan Pink Salt."
Burns & McCoy Exhorresco Hot Sauce,Burns & McCoy,"7 Pot Primo Peppers, Oak Aged Apple Cider Vinegar, Agave Nectar, Yuzu Juice, Black Garlic, Salt, Spices."
Burns & McCoy Mezcaline Oaxacan Hot Sauce,Burns & McCoy,"fire roasted tomato (vine ripened tomatoes, tomato juice, salt, citric acid), red jalapeno mash (peppers, vinegar), water, orange habanero mash (peppers, vinegar), garlic, onion, brown sugar, vinegar, mezcal, olive oil, salt, espresso, rose water, lime juice, cocoa powder, oregano, chocolate bhutlah pepper powder, chocolate ghost pepper powder, thyme, cinnamon."
Butterfly Bakery of Vermont Maple Wood Smoked Onion Hot Sauce,Butterfly Bakery of Vermont,"Red jalapeños, organic white vinegar, maple wood smoked onions, salt"
Butterfly Bakery of Vermont Taco Vibes Only Hot Sauce,Butterfly Bakery of Vermont,"Organic distilled white vinegar, red serrano, reaper peppers, lime juice, ghost peppers, garlic scapes, salt, reaper pepper powder, coriander, cumin"
Cantina Royal Tamaulipeka Hot Sauce,Cantina Royal,"Non-gmo corn oil, chili peppers, tamarind concentrate (tamarind pulp, water, maple sugar), distilled white vinegar reduced to 4% acidity, garlic, celery, onion, salt"
Cantina Royal Tomasa Spicy Habanero & Manzano Chile Hot Sauce,Cantina Royal,"non-gmo corn oil, manzano peppers, habanero peppers, garlic, onion, celery, salt."
Chile Lengua De Fuego Bhutila Fire Hot Sauce,Chile Lengua De Fuego,"Smoked scotch bonnet pepper mash (scotch bonnet, white vinegar), bitter orange, jalapeno pepper mash (jalapeno, white vinegar), cilantro, salt, super hot pepper mash (chocolate ghost pepper, zing, Trinidad scorpion, white vinegar), spice, smoked garlic, pepper powder mix (chipotle, scotch bonnet, Trinidad Scorpion)"
Chile Lengua De Fuego Turmeric Bomb Hot Sauce,Chile Lengua De Fuego,"Scotch bonnet pepper mash (Scotch bonnet pepper and vinegar), chocolate ghost pepper mash (chocolate bhut jolokia pepper and vinegar), jalapeno pepper mash (jalapeno pepper and vinegar), honduran hard liquor, apple cider vinegar, extra virgin olive oil, ginger root, turmeric, garlic, super hot pepper mash (Carolina Reaper and Trinidad Scorpion peppers and vinegar), spices, salt"
Chile Monoloco Pierde Almas Hot Sauce,Chile Monoloco,"Hot peppers, water, lemon, sunflower oil, garlic, herbs, salt, spices"
Cholula Original Hot Sauce,Cholula,"Water, Arbol Peppers, Piquin Peppers, Salt, Vinegar, Garlic Powder, Spices and Xanthan Gum"
Clark & Hopkins Calabria Hot Sauce,Clark & Hopkins,"Red bell peppers, water, red wine vinegar, garlic, onion, red habanero peppers (red habanero peppers, white vinegar), black olives, sun-dried tomatoes, red jalapeno peppers, diced tomatoes (tomatoes, tomato juice, citric acid, calcium chloride), calabrian chili pepper flakes, raisins, salt, shitake mushroom powder, spices"
Clark and Hopkins Assam Hot Sauce,Clark & Hopkins,"apple cider vinegar, tomatoes, onion, garlic, ginger, water, 7 pot primo peppers, ghost peppers, tamarind, black mustard seed, salt, turbinado sugar, spices."
Crystal Hot Sauce,Crystal,"aged red cayenne peppers, distilled white vinegar, and salt"
Culley's Fire Water Hot Sauce,Culley's,"Smokin' Ed's Carolina Reaper, Trinidad Scorpion Butch T, Capsicum, White Wine Vinegar, Lime Juice, Mexican Tequila, Palm Sugar, Onions, Ginger, Garlic, Salt, Pepper."
Da' Bomb Beyond Insanity Hot Sauce,Da' Bomb,"Habaneros (habaneros, salt), Chipotle Puree (chipotles, water, salt, citric acid), Water, Orange Juice Concentrate, Natural Pepper Flavoring, Tomato Paste, Potassium Sorbate and Sodium Benzoate "
Dave's Gourmet Insanity Hot Sauce,Dave's Gourmet,"Hot Peppers, Water, Tomato Paste, Hot Pepper Extract, Cane Vinegar, Salt, Onions, Garlic, Citric and Acetic Acids (Acidity Regulators), Xanthan Gum (Thickener), Spices"
Dave's Gourmet Temporary Insanity Hot Sauce,Dave's Gourmet,"Hot Peppers, Water, Tomato Paste, Cane Vinegar, Hot Pepper Extract, Salt, Onions, Acetic and Citric Acids (Acidity Regulators), Garlic, Xanthan Gum (Thickener), Spices"
Dawson's Cedar Smoked Garlic Hot Sauce,Dawson's,"White wine vinegar, Habanero, Garlic, Onion, Extra virgin olive oil, Sea salt, Sumac"
Dawson's Original Hot Sauce,Dawson's,"habanero, vinegar, cane sugar, extra virgin olive oil, garlic, and sea salt"
Dawson’s Shawarma Sauce,Dawson's,"Cayenne, vinegar, garlic, extra virgin olive oil, honey, spices, red chili pepper, sea salt, granulated garlic, chili powder"
Dingo Sauce Co. Psycho Hot Sauce,Dingo Sauce Co.,"Mustard X Chilli, Cider Vinegar, Garlic, Turmeric, Coriander Seed, Mustard Powder, Cumin Seed, Fennel Seed, Cinnamon Sticks, Ground Mace, Cloves"
Dingo Sauce Co. Widow Maker Hot Sauce,Dingo Sauce Co.,"Chilli Peppers, Cider Vinegar, Lime, Garlic, Brown Sugar, Sea Salt"
Dirty Dick’s Hot Pepper Sauce With a Tropical Twist,Dingo Sauce Co.,"Habanero Peppers, Mangoes, Pineapple, Vinegar, Bananas, Brown Sugar, Raisins, Onions, Garlic, Salt, Spices"
Double Take Salsa Co. Scotch Bonnet Mustard Hot Sauce,Double Take Salsa Co.,"Yellow Deli Mustard (Distilled Vinegar, Water, #1 Grade Mustard Seed, Salt, Turmeric, Paprika, Spice, Natural Flavors, And Garlic Powders), Orange Juice, Lime Juice, Scotch Bonnet Chile Peppers, Brown Sugar (Sugar, Cane Molasses), Spices"
El Yucateco Caribbean Hot Sauce,El Yucateco,"Water, Habanero Chile (28%), Carrot, Salt, Spices, Acetic Acid, Onion Powder, Citric Acid, Xanthan Gum, Preservatives (Sodium Benzoate E-211, Potassium Sorbate E-202)"
El Yucateco Chile Habanero Hot Sauce,El Yucateco,"Water, Habanero Peppers, Salt, Acetic Acid (Ph Control Agent), Spices, Xanthan Gum (Stabilizer), Citric Acid, Onion Powder, Colored with Turmeric, Fruit Juice and Vegetable Juice, Sodium Benzoate"
Fiji Fire Native Bongo Chilli Hot Sauce,Fiji Fire,"Naturally Brewed Vinegar, Fresh Fijian Bongo Chillies (30%), Sweet Carrots, Wild Fijian Turmeric, Tasman Sea Salt"
Fly By Jing Sichuan Gold Hot Sauce,Fly By Jing,"Non-GMO soybean oil, non-GMO sichuan rapeseed oil, chili peppers, sichuan peppers, ginger, garlic, rock sugar, star anise, cassia bark, green onions, chili oil extract"
Fresno Sauce Company Chipotle & Habanero Hot Sauce,Fresno Sauce Company,"Habanero Peppers, Chipotle Chili Powder, Carrots, Distilled White Vinegar, Olive Oil, Garlic, Salt, Organic Sugar, Black Pepper, Water"
Halogi Hot Sauce Tyrfing's Curse Hot Sauce,Halogi Hot Sauce,"Yellow Bell Pepper, Red Onion, White Wine Vinegar, Baby Carrots, Orange Juice, Apple Cider Vinegar, Water, Ghost Peppers, Scorpion Peppers, Habanero Pepper, Garlic, Ginger, Spices, Cayenne Pepper"
Heartbeat Hot Sauce Red Habanero Hot Sauce,Heartbeat Hot Sauce,"Bell Pepper, Onion, White Vinegar, Sugar, Red Habanero, Garlic, Lime Juice, Kosher Salt, Canola Oil"
Heartbeat Hot Sauce Scorpion Hot Sauce,Heartbeat Hot Sauce,"Vinegar, red peppers, habaneros, beets, onions, garlic, Trinidad Scorpion Peppers, Chipotles in Adobo (red chipotle pepper, water, vinegar, sugar, salt, tomato paste, smoke essence, onion, garlic), salt, lemon juice, canola oil, spices"
Heartbeat Pineapple Habanero Hot Sauce,Heartbeat Hot Sauce,"pineapple, yellow peppers, onion, distilled vinegar, Habaneros, organic cane sugar, lime juice, kosher salt, garlic, ale (water, hops, malted barley, yeast)"
Hellfire Detroit Bourbon Habanero Ghost Hot Sauce,Hellfire Detroit,"Apple cider vinegar, fire-roasted habanero, water, bourbon, sea salt, lime juice, smoked ghost chili pepper, olive oil, black pepper"
Hellfire Detroit Habanero Hot Sauce,Hellfire Detroit,"Fire-roasted Habanero, apple cider vinegar, distilled water, olive oil, sea salt"
Hellfire Devil's Blend Hot Sauce,Hellfire Detroit,"Fire Roasted Jalapeño Peppers, Distilled Vinegar, Jalapeño, Hot Cherry, Cayenne, Jolokia, 7-Pot, Moruga Scorpion, Carolina Reaper, Tomatillos, Granny Smith Green Apples, Roasted Garlic, Scallions, Cilantro, Sea Salt, Lime Juice, Cumin"
Hellfire Fear This! Hot Sauce,Hellfire Detroit,"Carolina Reaper Peppers, Distilled Vinegar, Garlic, Red Wine Vinegar, Apple Cider Vinegar, Sun-Dried Tomatoes, Onions, Salt, Cilantro, Curry, Chili Powder, Black Pepper, Paprika, Cumin, Lime Juice, Lemon Juice, Coriander, Ginger"
Hellfire Fiery Fool Hot Sauce,Hellfire Detroit,"Bhut Jolokia Peppers, Trinidad Scorpion Peppers, Red 7-Pot Peppers, Chocolate Habanero Peppers, Carribean Red Peppers, Carolina Reaper Peppers, Sun-Dried Tomatoes, Garlic, Sea Salt, Cumin, Lemon Juice"
Hellfire Hot Sauce Kranked Hot Sauce,Hellfire Detroit,"Reaper pepper mash (Reaper peppers, vinegar), apple cider vinegar, red wine vinegar, black garlic, garlic (garlic, water), sea salt, brown sugar (cane sugar and molasses), chili powder, cumin, onions, black pepper, curry powder (spices, turmeric, salt, contains mustard), oregano, paprika, ginger, cloves, turmeric, lemon juice from concentrate, lime juice from concentrate"
High Desert Sauce Co. Tikk-Hot Masala Hot Sauce,High Desert Sauce Co.,"Distilled Vinegar, Roma Tomato, Unsweetened Coconut Milk, Ghost Pepper, Anaheim Chili, Onion, Water, Agave Nectar, Tomato Paste, Carolina Reaper Pepper, Apple Cider Vinegar, Kosher Salt, Fresh Ginger, Fresh Garlic, Toasted Peppercorns, Toasted Cumin Seed, Garam Masala, Turmeric, Coriander"
High River Sauces Cheeba Gold Hot Sauce,High River Sauces,"Peaches, yellow scotch bonnet pepper, onions, distilled vinegar, fatalli peppers, water, brown sugar, mustard, garlic, lemon juice, curry powder, salt, cumin, black pepper, cilantro, family secret spices"
High River Sauces Rogue Hot Sauce,High River Sauces,"Moruga Scorpion Peppers, Jolokia Peppers, Red Serrano Peppers, Blood Oranges, Apples, Pears, Apple Cider Vinegar, Brown Sugar, Lime Juice, Garlic and Ginger"
High River Sauces Tears of the Sun Private Reserve Hot Sauce,High River Sauces,"Peach Ghost Scorpion pepper mash (Peach Ghost Scorpion peppers, vinegar), apple cider vinegar, mangos, papaya, orange habanero mash (orange habanero peppers, salt), peaches (peaches, water, natural flavor, sugar), pineapple (pineapple, pineapple juice), water, light brown sugar (cane sugar and molasses), lime juice, ginger root, salt, garlic, crushed red pepper"
Hoff & Pepper Hoff's House Sauce Hot Sauce,Hoff & Pepper,"Red Jalapeño, Habanero, Chipotle, Salt, Vinegar, Garlic"
Hot Heads Official Revolutionary Hot Sauce,Hot Heads,"fire roasted bell pepper, apple cider vinegar, sweet onion, Trinidad scorpion pepper, red bell pepper, tomato paste, garlic, olive oil, sugar, blue agave, pink Himalayan sea salt, Sichuan & pink peppercorns, and lime juice"
Hot N Saucy Collards N Ghost Hot Sauce,Hot N Saucy,"Collard greens, ghost peppers, extra virgin olive oil, onion, apple cider vinegar, garlic, brown sugar, salt, water"
Hot N Saucy Garlic N Pepperoncini Hot Sauce,Hot N Saucy,"Pepperoncini, water, salt, vinegar, citric acid, cilantro, honey, sugar, and garlic"
Hot Ones Eye of the Scorpion Hot Sauce,Hot Ones,"Scorpion peppers, vinegar, canola oil, garlic, salt, and scorpion pepper powder"
Hot Ones Fiery Chipotle Hot Sauce,Hot Ones,"Pineapple, Chipotle Peppers, Habanero, Carrot, Vinegar, Sugar, Curry Paste, Tomato Paste,Salt, Lime Juice, Ghost Pepper (dried)"
Hot Ones Los Calientes Barbacoa Hot Sauce,Hot Ones,"applewood smoked red jalapeno, chipotle, habanero, lime juice, agave nectar, apricot (ascorbic acid added), apple cider vinegar, apple juice, tomatillo, salt, roast garlic, garlic, onion, culantro, cumin, black pepper, celery seed"
Hot Ones Los Calientes Hot Sauce,Hot Ones,"green serrano, applewood smoked, green serrano, orange habanero, apple cider, apricot (ascorbic acid added), apple cider vinegar, lemon juice, tomatillo, agave nectar, water, garlic, salt, toasted onion, cumin, culantro, black pepper, celery seed"
Hot Ones Los Calientes Rojo Hot Sauce,Hot Ones,"smoked red jalapeno, habanero, apricot (ascorbic acid added), apple cider vinegar, agave nectar, lemon juice, tomatillo, water, garlic, salt, toasted onion, cumin, cilantro, black pepper, thyme, celery seed"
Hot Ones Los Calientes Verde Hot Sauce,Hot Ones,"Green Serrano, Applewood Smoked Green Serrano, Orange Habanero, Apple Cider, Apricot, Apple Cider Vinegar, Lemon Juice, Tomatillo, Agave Nectar, Water, Garlic, Salt, Roasted Onion, Cumin, Coriander, Black Pepper, Celery seed"
Hot Ones The Classic Chilli Maple Hot Sauce,Hot Ones,"Chili peppers, maple syrup, cider vinegar, vinegar, garlic, garlic powder, salt, black pepper, turmeric"
Hot Ones The Classic Garlic Fresno Hot Sauce,Hot Ones,"fresno chilli pepper, water, apple cider vinegar, garlic puree (garlic and water), vinegar, kosher salt, organic dried garlic, organic turmeric, organic black pepper"
Hot Ones The Classic Hot Sauce,Hot Ones,"Organic chile de arbol peppers, organic apple cider vinegar, organic vinegar, water, organic garlic, kosher salt, organic turmeric"
Hot Ones The Last Dab Apollo Hot Sauce,Hot Ones,"The Apollo Pepper, distilled vinegar, The Apollo Pepper powder, The Apollo Pepper distillate"
Hot Ones The Last Dab Hot Sauce,Hot Ones,"PepperX, chocolate pepper X, peach pepper X, distilled vinegar, ginger root, turmeric, coriander, cumin, dry mustard"
Hot Ones The Last Dab Reduxx,Hot Ones,"PepperX, Chocolate Pepper X, distilled vinegar, ginger root, turmeric, coriander, cumin, dry mustard"
Hot Ones The Last Dab XXX Hot Sauce,Hot Ones,"PepperX, chocolate pepper X, peach pepper X, distilled vinegar, ginger root, turmeric, coriander, cumin, dry mustard"
Hotter Than El Ghost Sauce,Hotter Than El,"distilled vinegar, diced tomatoes (tomatoes, tomato juice, salt), carrots, onions, garlic, ghost peppers, salt"
Hotter Than El Love Burns Hot Sauce,Hotter Than El,"Red 7 Pot Primo pepper mash (Red 7 Pot Primo Peppers and vinegar), Reaper pepper mash (Reaper peppers, vinegar), Trinidad Scorpion pepper mash (Trinidad Scorpion Peppers, salt), lime juice, carrots, onions, apple cider vinegar, water, garlic, carrot concentrate, ghost chile powder"
Howler Monkey Original Hot Sauce,Howler Monkey,"Distilled vinegar, scotch bonnet peppers, garlic, water, onions, mustard (distilled vinegar, mustard seed, salt, turmeric, spices), salt, turmeric, black pepper, cumin"
Humble House Ancho & Morita Hot Sauce,Humble House,"Aged Tamarind Chile Paste (Raisins, Tamarind Concentrate, Gluten-Free Soy Sauce, Balsamic Vinegar, Morita Chile, Ancho Chile, Kosher Salt) Vinegar, Cane Sugar, Fresh Garlic"
Humble House Guajillo & Red Jalapeno Hot Sauce,Humble House,"Aged Chile Paste (Red Jalapenos, Fresh Garlic, Vinegar, Guajillo Chiles, Kosher Salt) Vinegar, Pickled Red Bell Pepper, Cane Sugar"
Huy Fong Sriracha Sauce,Huy Fong,"Chili, sugar, salt, garlic, distilled vinegar, potassium sorbate, sodium bisulfite as preservatives, and xanthan gum"
Karma Sauce Burn After Eating Hot Sauce,Karma Sauce,"Brutally hot peppers, white vinegar, garlic, salt, ajwain seed, amchoor, hing powder (rice flour, gum arabic, asafoetida, turmeric), ginger extract"
Karma Sauce Cosmic Disco Hot Sauce,Karma Sauce,"red jalapeno, super hot blend, brown sugar, vinegar (from rice wine and apple cider), tamari (water, soybeans, salt, alcohol), orange juice, garlic, lemon juice, tomato paste, water, ghost pepper, salt, sesame oil, ginger, spices, culantro, orange zest"
Karma Sauce Extreme Karma Hot Sauce,Karma Sauce,"Bhut Jolokia, Trinidad, Moruga Scorpion, butternut squash, apple cider vinegar, onion, sweet potato, honey, garlic, salt, ginger"
Karma Sauce Scorpion Disco Hot Sauce,Karma Sauce,"Trinidad Scorpion, Ghost, Chocolate Habanero, 7 Pot Primo, apple cider vinegar, cane sugar, fresh lime juice, salt, garlic, spices"
Lottie's Traditional Barbados Yellow Hot Pepper Sauce,Lottie's,"Water, Mustard Seed, Vinegar, Onion, Habanero, Sugar, Salt, Spices"
Lucky Dog Year of The Dog Thai Chile Pineapple Hot Sauce,Lucky Dog,"Pineapple (pinapple juice, [ascorbic acid, vitamin E and vitamin A], pineapple), Rice Vinegar, Onion, Roasted Garlic, Honey, Dried Red Chiles, Toasted Onion, Sea Salt, Agave, Lime Juice Concentrate, Ginger, Dried Garlic, Mustard Flour, Toasted Sesame Seeds"
Mad Dog 357 Hot Sauce,Mad Dog,"Vinegar, Chile Extract, Evaporated Cane Juice, Habanero Peppers, 160000 Scoville Cayenne Peppers, Spices, and Xanthan Gum"
Mad Dog 357 Hot Sauce - 25th Anniversary Edition,Mad Dog,"Reaper, Scorpion & Ghost peppers, red wine vinegar, white distilled vinegar, fresh chopped onions & garlic, natural sugar, fresh lime juice, Chile extract & xanthan gum"
Mark's Barbados Style Hot Sauce,Mark's,"Spring water, onion, fresh hot & sweet peppers, pineapple, mango, papaya, carrot, white vinegar, prepared mustard, sea salt, organic white wine vinegar, rum, organic garlic, spices"
Original Louisiana Hot Sauce,Louisiana Hot Sauce,"Aged Peppers, Distilled Vinegar, Salt"
Paddy O's Potion Hot Sauce,Paddy O's,"White Vinegar, Organic Carrots, Organic Tomatoes, Red Wine Vinegar, Grapefruit Juice, Habanero, White Onion, Sunflower Seeds, Fresh Garlic, Sea Salt, Dried Arbol Pepper, Black Pepper"
Pain 100% Hot Sauce,Pain 100%,"Habanero Peppers, Water, Natural Pepper Flavoring, Vinegar and Spices"
Pain Is Good Batch #218 Louisiana Style Hot Sauce,Spicin Foods,"Malt Vinegar, Habanero and Cayenne Peppers, Water, Tomato Paste, Corn Syrup, Fructose, Distilled Vinegar, Worchestershire Sauce, Spices, Garlic, Lime Concentrate, Brown Sugar, Seasoned Salt, Onion Powder, Liquid Smoke, and Salt"
Pepper North Stargazer Hot Sauce,Pepper North,"Jalapeño peppers, Apple cider vinegar, Habanero peppers, Ghost pepper purée (peppers, salt), Sugars (maple syrup), Lime juice, Garlic, Ghost pepper flakes, Scotch bonnet pepper flakes, Chipotle pepper powder"
Piko Peppers Piko Riko Hot Sauce,Microsaucerie Piko Peppers,"Bell peppers, onions, vinegar, lemon juice, garlic, cane sugar, canola oil, sea salt, habanero peppers, Cayenne peppers, spices, beer (water, millet, corn, Demerara sugar, hop, yeast)"
Pirate's Lantern Pepper Sauce,Pirate's Lantern,"Vinegar, water, mustard (vinegar, mustard seed, mustard bran, salt, turmeric, spices) onions, salt, hot peppers, rum, horseradish, and spices"
Puckerbutt Chocolate Plague Hot Sauce,Puckerbutt,"chocolate bhutlah pepper mash (chocolate bhutlah pepper mash and vinegar), distilled vinegar and pepper powder"
Puckerbutt Pepper Company Chipotle Express Hot Sauce,Puckerbutt,"Pepper X Peppers, Honey, Apple Cider Vinegar, Lemon Juice From Concentrate, Distilled Vinegar, Kosher Salt, Chipotle Powder, Ginger."
Puckerbutt Pepper Company Extra Mean Green Hot Sauce,Puckerbutt,"Hot Green Pepper Mash (green chile peppers and vinegar), distilled vinegar, onions, garlic"
Puckerbutt Pepper Company Unique Garlique Hot Sauce,Puckerbutt,"Chili peppers, vinegar, garlic, salt, onion, onion powder, garlic powder, black pepper, Italian seasoning"
Queen Majesty Cocoa Ghost Hot Sauce,Queen Majesty,"White vinegar, pineapple juice, ghost peppers, habanero peppers, sweet onions, garlic cloves, ginger root, dried plums, black cocoa, chipotle, pasilla, extra virgin olive oil, salt & spices"
Queen Majesty Red Habanero and Black Coffee Hot Sauce,Queen Majesty,"Fair trade coffee-infused white vinegar, fresh red bell peppers, sweet onions, fresh red habanero peppers, raw apple cider vinegar, garlic cloves, extra virgin olive oil, ginger root, salt & spices"
Queen Majesty Scotch Bonnet and Ginger Hot Sauce,Queen Majesty,"White vinegar, sweet onions, orange bell peppers, scotch bonnet hot peppers, lemon juice, ginger root, olive oil, salt and spices"
Sauce Bae Skinny Habanero Hot Sauce,Sauce Bae,"Pineapple, water, white vinegar, habanero, onion, garlic, jalapeño, turmeric, salt, cumin, black pepper, ginger"
Sauce Leopard The Seventh Reaper Hot Sauce,Sauce Leopard,"Distilled white vinegar, tomato puree, grapeseed oil, jalapenos, red wine vinegar, water, organic vegetable stock (water, vegetable puree (celery, carrot), vegetable juice concentrates (celery, onion, carrot), salt, tomato paste, red bell pepper, honey, parsley, garlic, white onion, green onion, lemon juice, cilantro, Carolina Reapers, salt, oregano, spices"
Savir Foods Jala Pepa Hot Sauce,Savir Foods,"Jalapenos, Aji Amarillo, Apple Cider Vinegar, Yellow Onions, Cilantro, Green Onions, Red Bell Pepper, Grape Seed Oil, Nutritional Yeast, Organic Dates, Himalayan Pink Salt, Dried Oregano, Garlic Powder, Roasted Cumin Seeds"
Seafire Gourmet Reaper Hot Sauce,Seafire Gourmet,"White Wine Vinegar, Carolina Reaper Peppers, Chipotle Peppers, Balsamic Vinegar, Shallots, Garlic, Honey, Brown Sugar, Mediterranean Sea Salt, Vitamin C"
Secret Aardvark Habanero Hot Sauce,Secret Aardvark,"Tomatoes (tomatoes and fire roasted tomatoes, tomato juice, citric acid, calcium chloride), White Wine Vinegar, Carrots, Water, Yellow Onion, Habanero Chile Pepper (habanero chile peppers, water, salt, citric acid), Mustard (distilled vinegar, water, mustard seed, salt turmeric, spices), Organic Cane Sugar, Salt, Modified Food Starch, Garlic, Sunflower Oil, Herbs and Spices"
Seed Ranch Flavor Co. Hot Thai Green Hot Sauce,Seed Ranch Flavor Co.,"Organic white vinegar, water, organic lime juice, Thai ginger, organic serrano pepper, organic green Carolina Reaper pepper, organic garlic, organic cilantro, shallots, lemongrass, organic basil, salt, organic coconut flakes, organic coconut sugar, organic coriander, organic cumin, organic white pepper"
Señor Lechuga .718 Hot Sauce,Señor Lechuga,"Vinegar, ghost peppers, red bell peppers, guajillo peppers, pasilla peppers, red onion, Himalayan sea salt, garlic, black lime, sweet paprika, royal cinnamon, buffalo ginger"
Shaquanda's Banjee Ranch Hot Sauce,Shaquanda's,"White distilled vinegar, water, tahini (ground sesame seeds), onion, sugar, onion powder, black pepper, garlic powder, salt, dill, celery seed, chives, heirloom smoked Sivathei chili"
Shaquanda's Hot Pepper Sauce,Shaquanda's,"Onion, White Distilled Vinegar, Chili Pepper, Roasted Red Pepper (Red Pepper, Red Wine Vinegar, Grape Must), Lemon Juice, Sugar, Salt, Mustard Powder, Turmeric, Smoked Paprika Powder"
Shaquanda’s West Indian Curry Hot Sauce,Shaquanda's,"Onion, water, vinegar, scotch bonnet chili pepper, Shaquanda's Curry Powder Blend (turmeric, spices, mustard seed, dried ginger, cayenne pepper, cinnamon, black pepper, allspice, bay leaf, dried thyme), sugar, salt"
Sinai Gourmet Tropiqanté Hot Sauce,Sinai Gourmet,"Banana, mango, papaya, pineapple, Scotch bonnet, apple cider vinegar, lime juice, garlic, spices, sea salt"
Small Axe Peppers Habanero Mango Hot Sauce,Small Axe Peppers,"Apple Cider Vinegar, Habanero Peppers, Sugar, Garlic, Onion, Mango Puree, Blood Orange Juice Puree, Tamarind Paste, Salt"
Small Axe Peppers The Bronx Greenmarket Hot Sauce,Small Axe Peppers,"Apple Cider Vinegar, Serrano Peppers, Garlic, Onion, Sugar, Salt"
Small Axe Peppers The Chicago Red Hot Jalapeno Hot Sauce,Small Axe Peppers,"Apple cider vinegar, jalapenos, onions, tomatoes, brown sugar, yellow mustard, dill, celery salt"
Steel City Sauce Co Jade Jaguar Hot Sauce,Steel City Sauce Co,"jalapeño, vinegar, onion, garlic, olive oil, vegetable oil,lime juice, salt, cilantro"
Tabasco Sauce,Tabasco,"mashed tabasco peppers aged in white oak barrels, a small amount of salt and high quality vinegar"
Tapatío Hot Sauce,Tapatío,"WATER, RED PEPPERS, SALT, SPICES, GARLIC, ACETIC ACID, XANTHAN GUM. SODIUM BENZOATE"
Texas Pete Original Hot Sauce,Texas Pete,"Vinegar, Aged Peppers (Peppers, Salt, Vinegar), Water, Xanthan Gum and Benzoate of Soda"
The Donis Cadejo Hot Sauce,Donis,"Distilled White Vinegar, Mango, Onion, Carrot, Habañero Pepper, Olive Oil, Salt, Pepper, and Spices"
The Original Goat Ginger Goat Hot Sauce,Goat Ginger,"Apple cider vinegar, smoked pineapple, ginger, pineapple, carrot, lime juice concentrate, Carolina Reaper pepper, smoked onion, smoked garlic (olive oil, garlic), sugars (brown sugar), kosher salt, cilantro, turmeric"
Torchbearer Garlic Reaper Hot Sauce,Torchbearer Sauces,"Carolina reaper pepper, garlic, canola oil, water, distilled white vinegar, lime juice, granulated garlic, mustard powder, chili powder, salt"
Torchbearer Headless Horseradish Hot Sauce,Torchbearer Sauces,"horseradish, Ghost Pepper, garlic, canola oil, water, Chipotle peppers, lemon juice, distilled white vinegar, Djon mustard, horseradish powder, salt, chili powder, black pepper"
Torchbearer Sauces Honey Badger Hot Sauce,Torchbearer Sauces,"Apple cider vinegar, Scorpion pepper, honey, distilled white vinegar, water, canola oil, brown sugar, mustard powder, Carolina Reaper pepper, white sugar, cayenne pepper powder, black pepper, turmeric, mustard seed, granulated garlic, salt, garlic"
Torchbearer Sauces Mushroom Mayhem Hot Sauce,Torchbearer Sauces,"Red wine vinegar, tomato paste, water, habanero pepper, brown sugar, scorpion pepper, mandarin orange, horseradish, garlic, molasses, black pepper, salt, shiitake mushroom powder, portobello mushroom powder, allspice, paprika"
Torchbearer Son of Zombie Wing Sauce,Torchbearer Sauces,"Honey, apple cider vinegar, tomato paste, water, garlic, ghost pepper, habanero, distilled white vinegar, brown sugar, canola oil, lemon juice, molasses, mandarin orange, diced tomato, carrots, mustard powder, turmeric, garlic powder, onions, salt, crushed red pepper, white sugar, chili powder, oregano, black pepper"
Torchbearer Zombie Apocalypse Ghost Chili Sauce,Torchbearer Sauces,"Bhut Jolokia Peppers, Habanero Peppers, Carrot, Mandarin Orange, Tomatoes, Distilled White Vinegar, Vegetable Oil, Garlic, Sugar, and other all natural spices"
Valentina Black Label Hot Sauce,Valentina,"Water, chile peppers, vinegar, salt, spices, 0.1% sodium benzoate"
Volcanic Peppers Thor's Hammer Super Hot Sauce,Volcanic Peppers,"red and chocolate ghost, 7-Pot Douglah, Carolina Reaper, Moruga Scorpion, Jigsaw, Thai, vinegar, garlic, sugar, salt, spices and chia seeds"
Wiltshire Chilli Farm Trinidad Scorpion Hot Sauce,Wiltshire Chilli Farm,"Trinidad Moruga Scorpion, Hatari Pepper, Habañero, Piquin, Ring of Fire, Peri-Peri, Tepin and Jalapeño Peppers, garlic, ginger, spices, salt, lemon, lime and orange juices and vinegar"
Yellowbird Bliss & Vinegar Hot Sauce,Yellowbird,"Organic distilled vinegar, organic red serrano peppers, organic rice bran oil, strawberries, organic dates, organic coconut cream (organic coconut kernel extract, water), salt, onions, cinnamon, ginger"